[{"model": "admin_interface.theme", "pk": 1, "fields": {"name": "Django", "active": true, "title": "Django administration", "title_color": "#F5DD5D", "title_visible": true, "logo": "", "logo_color": "#FFFFFF", "logo_visible": true, "favicon": "", "env_name": "", "env_color": "#E74C3C", "env_visible_in_header": true, "env_visible_in_favicon": true, "language_chooser_active": true, "language_chooser_display": "code", "css_header_background_color": "#0C4B33", "css_header_text_color": "#44B78B", "css_header_link_color": "#FFFFFF", "css_header_link_hover_color": "#C9F0DD", "css_module_background_color": "#44B78B", "css_module_background_selected_color": "#FFFFCC", "css_module_text_color": "#FFFFFF", "css_module_link_color": "#FFFFFF", "css_module_link_selected_color": "#FFFFFF", "css_module_link_hover_color": "#C9F0DD", "css_module_rounded_corners": true, "css_generic_link_color": "#0C3C26", "css_generic_link_hover_color": "#156641", "css_save_button_background_color": "#0C4B33", "css_save_button_background_hover_color": "#0C3C26", "css_save_button_text_color": "#FFFFFF", "css_delete_button_background_color": "#BA2121", "css_delete_button_background_hover_color": "#A41515", "css_delete_button_text_color": "#FFFFFF", "css": "", "related_modal_active": true, "related_modal_background_color": "#000000", "related_modal_background_opacity": "0.3", "related_modal_rounded_corners": true, "related_modal_close_button_visible": true, "list_filter_dropdown": true, "list_filter_sticky": true, "recent_actions_visible": false, "form_submit_sticky": false, "form_pagination_sticky": false}}, {"model": "admin.logentry", "pk": 1, "fields": {"action_time": "2021-05-19T14:59:22.703Z", "user": 1, "content_type": 14, "object_id": "1", "object_repr": "Garden Care", "action_flag": 1, "change_message": "[{\"added\": {}}]"}}, {"model": "admin.logentry", "pk": 2, "fields": {"action_time": "2021-05-19T14:59:46.272Z", "user": 1, "content_type": 14, "object_id": "2", "object_repr": "Lawn mowing", "action_flag": 1, "change_message": "[{\"added\": {}}]"}}, {"model": "admin.logentry", "pk": 3, "fields": {"action_time": "2021-05-19T15:00:31.981Z", "user": 1, "content_type": 14, "object_id": "3", "object_repr": "Lawn care", "action_flag": 1, "change_message": "[{\"added\": {}}]"}}, {"model": "admin.logentry", "pk": 4, "fields": {"action_time": "2021-05-19T15:08:36.685Z", "user": 1, "content_type": 14, "object_id": "1", "object_repr": "Garden Care", "action_flag": 1, "change_message": "[{\"added\": {}}]"}}, {"model": "admin.logentry", "pk": 5, "fields": {"action_time": "2021-05-19T15:09:07.845Z", "user": 1, "content_type": 14, "object_id": "2", "object_repr": "Lawn mowing", "action_flag": 1, "change_message": "[{\"added\": {}}]"}}, {"model": "admin.logentry", "pk": 6, "fields": {"action_time": "2021-05-19T15:09:46.111Z", "user": 1, "content_type": 14, "object_id": "3", "object_repr": "Lawn care", "action_flag": 1, "change_message": "[{\"added\": {}}]"}}, {"model": "admin.logentry", "pk": 7, "fields": {"action_time": "2021-05-19T15:09:59.949Z", "user": 1, "content_type": 14, "object_id": "4", "object_repr": "Lawn care", "action_flag": 1, "change_message": "[{\"added\": {}}]"}}, {"model": "admin.logentry", "pk": 8, "fields": {"action_time": "2021-05-19T15:16:35.068Z", "user": 1, "content_type": 14, "object_id": "5", "object_repr": "Gutter cleaning", "action_flag": 1, "change_message": "[{\"added\": {}}]"}}, {"model": "admin.logentry", "pk": 9, "fields": {"action_time": "2021-05-19T15:16:43.076Z", "user": 1, "content_type": 14, "object_id": "6", "object_repr": "Organinc fertilization and weed control", "action_flag": 1, "change_message": "[{\"added\": {}}]"}}, {"model": "admin.logentry", "pk": 10, "fields": {"action_time": "2021-05-19T15:17:34.276Z", "user": 1, "content_type": 14, "object_id": "7", "object_repr": "Compost top dressing & compost tea application", "action_flag": 1, "change_message": "[{\"added\": {}}]"}}, {"model": "admin.logentry", "pk": 11, "fields": {"action_time": "2021-05-19T15:17:57.609Z", "user": 1, "content_type": 14, "object_id": "8", "object_repr": "New lawn installation", "action_flag": 1, "change_message": "[{\"added\": {}}]"}}, {"model": "admin.logentry", "pk": 12, "fields": {"action_time": "2021-05-19T15:18:23.450Z", "user": 1, "content_type": 14, "object_id": "9", "object_repr": "Mulch and other services available", "action_flag": 1, "change_message": "[{\"added\": {}}]"}}, {"model": "admin.logentry", "pk": 13, "fields": {"action_time": "2021-05-19T15:23:05.432Z", "user": 1, "content_type": 16, "object_id": "1", "object_repr": "Fall", "action_flag": 1, "change_message": "[{\"added\": {}}]"}}, {"model": "admin.logentry", "pk": 14, "fields": {"action_time": "2021-05-19T15:23:41.596Z", "user": 1, "content_type": 16, "object_id": "2", "object_repr": "Spring", "action_flag": 1, "change_message": "[{\"added\": {}}]"}}, {"model": "admin.logentry", "pk": 15, "fields": {"action_time": "2021-05-19T15:24:33.826Z", "user": 1, "content_type": 16, "object_id": "3", "object_repr": "Summer", "action_flag": 1, "change_message": "[{\"added\": {}}]"}}, {"model": "admin.logentry", "pk": 16, "fields": {"action_time": "2021-05-19T15:30:45.719Z", "user": 1, "content_type": 15, "object_id": "1", "object_repr": "Roger scott", "action_flag": 1, "change_message": "[{\"added\": {}}]"}}, {"model": "admin.logentry", "pk": 17, "fields": {"action_time": "2021-05-19T15:35:36.807Z", "user": 1, "content_type": 15, "object_id": "2", "object_repr": "Roger scott", "action_flag": 1, "change_message": "[{\"added\": {}}]"}}, {"model": "admin.logentry", "pk": 18, "fields": {"action_time": "2021-05-19T15:35:55.636Z", "user": 1, "content_type": 15, "object_id": "3", "object_repr": "Roger scott", "action_flag": 1, "change_message": "[{\"added\": {}}]"}}, {"model": "admin.logentry", "pk": 19, "fields": {"action_time": "2021-05-19T15:39:17.731Z", "user": 1, "content_type": 15, "object_id": "4", "object_repr": "Roger scott", "action_flag": 1, "change_message": "[{\"added\": {}}]"}}, {"model": "admin.logentry", "pk": 20, "fields": {"action_time": "2021-05-19T15:58:54.783Z", "user": 1, "content_type": 16, "object_id": "3", "object_repr": "Summer", "action_flag": 3, "change_message": ""}}, {"model": "admin.logentry", "pk": 21, "fields": {"action_time": "2021-05-19T15:58:54.786Z", "user": 1, "content_type": 16, "object_id": "2", "object_repr": "Spring", "action_flag": 3, "change_message": ""}}, {"model": "admin.logentry", "pk": 22, "fields": {"action_time": "2021-05-19T15:58:54.788Z", "user": 1, "content_type": 16, "object_id": "1", "object_repr": "Fall", "action_flag": 3, "change_message": ""}}, {"model": "admin.logentry", "pk": 23, "fields": {"action_time": "2021-05-19T16:17:07.981Z", "user": 1, "content_type": 16, "object_id": "1", "object_repr": "Fall", "action_flag": 1, "change_message": "[{\"added\": {}}]"}}, {"model": "admin.logentry", "pk": 24, "fields": {"action_time": "2021-05-19T16:18:50.079Z", "user": 1, "content_type": 16, "object_id": "1", "object_repr": "Fall", "action_flag": 3, "change_message": ""}}, {"model": "admin.logentry", "pk": 25, "fields": {"action_time": "2021-05-19T16:37:50.007Z", "user": 1, "content_type": 1, "object_id": "1", "object_repr": "Django", "action_flag": 2, "change_message": "[{\"changed\": {\"fields\": [\"Visible\"]}}]"}}, {"model": "admin.logentry", "pk": 26, "fields": {"action_time": "2021-05-19T16:39:26.198Z", "user": 1, "content_type": 16, "object_id": "2", "object_repr": "Fall", "action_flag": 1, "change_message": "[{\"added\": {}}]"}}, {"model": "admin.logentry", "pk": 27, "fields": {"action_time": "2021-05-19T16:50:57.827Z", "user": 1, "content_type": 16, "object_id": "3", "object_repr": "Spring", "action_flag": 1, "change_message": "[{\"added\": {}}]"}}, {"model": "admin.logentry", "pk": 28, "fields": {"action_time": "2021-05-19T16:51:37.489Z", "user": 1, "content_type": 16, "object_id": "4", "object_repr": "Summer", "action_flag": 1, "change_message": "[{\"added\": {}}]"}}, {"model": "admin.logentry", "pk": 29, "fields": {"action_time": "2021-05-19T16:52:18.581Z", "user": 1, "content_type": 16, "object_id": "5", "object_repr": "Winter", "action_flag": 1, "change_message": "[{\"added\": {}}]"}}, {"model": "admin.logentry", "pk": 30, "fields": {"action_time": "2021-05-19T17:01:13.786Z", "user": 1, "content_type": 15, "object_id": "1", "object_repr": "Oupidatat non", "action_flag": 1, "change_message": "[{\"added\": {}}]"}}, {"model": "admin.logentry", "pk": 31, "fields": {"action_time": "2021-05-19T17:03:25.580Z", "user": 1, "content_type": 16, "object_id": "4", "object_repr": "Summer", "action_flag": 2, "change_message": "[{\"changed\": {\"fields\": [\"Image\"]}}]"}}, {"model": "admin.logentry", "pk": 32, "fields": {"action_time": "2021-05-20T11:08:18.550Z", "user": 1, "content_type": 15, "object_id": "1", "object_repr": "Roger Scott", "action_flag": 2, "change_message": "[{\"changed\": {\"fields\": [\"Image\", \"Nom\", \"Job\"]}}]"}}, {"model": "admin.logentry", "pk": 33, "fields": {"action_time": "2021-05-20T11:08:48.266Z", "user": 1, "content_type": 15, "object_id": "2", "object_repr": "Roger Scott", "action_flag": 1, "change_message": "[{\"added\": {}}]"}}, {"model": "admin.logentry", "pk": 34, "fields": {"action_time": "2021-05-20T11:09:34.311Z", "user": 1, "content_type": 15, "object_id": "3", "object_repr": "Roger Scott", "action_flag": 1, "change_message": "[{\"added\": {}}]"}}, {"model": "admin.logentry", "pk": 35, "fields": {"action_time": "2021-05-20T11:17:39.390Z", "user": 1, "content_type": 13, "object_id": "1", "object_repr": "Nature", "action_flag": 1, "change_message": "[{\"added\": {}}]"}}, {"model": "admin.logentry", "pk": 36, "fields": {"action_time": "2021-05-20T11:18:12.518Z", "user": 1, "content_type": 13, "object_id": "2", "object_repr": "Nature", "action_flag": 1, "change_message": "[{\"added\": {}}]"}}, {"model": "admin.logentry", "pk": 37, "fields": {"action_time": "2021-05-20T11:18:33.678Z", "user": 1, "content_type": 13, "object_id": "3", "object_repr": "Nature", "action_flag": 1, "change_message": "[{\"added\": {}}]"}}, {"model": "admin.logentry", "pk": 38, "fields": {"action_time": "2021-05-20T11:18:52.170Z", "user": 1, "content_type": 13, "object_id": "4", "object_repr": "Nature", "action_flag": 1, "change_message": "[{\"added\": {}}]"}}, {"model": "admin.logentry", "pk": 39, "fields": {"action_time": "2021-05-20T11:19:13.116Z", "user": 1, "content_type": 13, "object_id": "5", "object_repr": "Nature", "action_flag": 1, "change_message": "[{\"added\": {}}]"}}, {"model": "admin.logentry", "pk": 40, "fields": {"action_time": "2021-05-20T11:20:10.507Z", "user": 1, "content_type": 13, "object_id": "6", "object_repr": "Nature", "action_flag": 1, "change_message": "[{\"added\": {}}]"}}, {"model": "admin.logentry", "pk": 41, "fields": {"action_time": "2021-05-20T11:20:28.253Z", "user": 1, "content_type": 13, "object_id": "7", "object_repr": "Nature", "action_flag": 1, "change_message": "[{\"added\": {}}]"}}, {"model": "admin.logentry", "pk": 42, "fields": {"action_time": "2021-05-20T11:20:43.423Z", "user": 1, "content_type": 13, "object_id": "8", "object_repr": "Nature", "action_flag": 1, "change_message": "[{\"added\": {}}]"}}, {"model": "admin.logentry", "pk": 43, "fields": {"action_time": "2021-05-20T11:21:01.204Z", "user": 1, "content_type": 13, "object_id": "9", "object_repr": "Nature", "action_flag": 1, "change_message": "[{\"added\": {}}]"}}, {"model": "admin.logentry", "pk": 44, "fields": {"action_time": "2021-05-20T12:08:25.650Z", "user": 1, "content_type": 12, "object_id": "1", "object_repr": "DISH", "action_flag": 1, "change_message": "[{\"added\": {}}]"}}, {"model": "admin.logentry", "pk": 45, "fields": {"action_time": "2021-05-20T12:08:41.923Z", "user": 1, "content_type": 12, "object_id": "2", "object_repr": "MENU", "action_flag": 1, "change_message": "[{\"added\": {}}]"}}, {"model": "admin.logentry", "pk": 46, "fields": {"action_time": "2021-05-20T12:08:50.550Z", "user": 1, "content_type": 12, "object_id": "3", "object_repr": "FOOD", "action_flag": 1, "change_message": "[{\"added\": {}}]"}}, {"model": "admin.logentry", "pk": 47, "fields": {"action_time": "2021-05-20T12:08:59.945Z", "user": 1, "content_type": 12, "object_id": "4", "object_repr": "SWEET", "action_flag": 1, "change_message": "[{\"added\": {}}]"}}, {"model": "admin.logentry", "pk": 48, "fields": {"action_time": "2021-05-20T12:09:10.291Z", "user": 1, "content_type": 12, "object_id": "5", "object_repr": "TASTY", "action_flag": 1, "change_message": "[{\"added\": {}}]"}}, {"model": "admin.logentry", "pk": 49, "fields": {"action_time": "2021-05-20T12:09:21.792Z", "user": 1, "content_type": 12, "object_id": "6", "object_repr": "DELICIOUS", "action_flag": 1, "change_message": "[{\"added\": {}}]"}}, {"model": "admin.logentry", "pk": 50, "fields": {"action_time": "2021-05-20T12:09:37.260Z", "user": 1, "content_type": 12, "object_id": "7", "object_repr": "DESSERTS", "action_flag": 1, "change_message": "[{\"added\": {}}]"}}, {"model": "admin.logentry", "pk": 51, "fields": {"action_time": "2021-05-20T12:09:47.276Z", "user": 1, "content_type": 12, "object_id": "8", "object_repr": "DRINKS", "action_flag": 1, "change_message": "[{\"added\": {}}]"}}, {"model": "admin.logentry", "pk": 52, "fields": {"action_time": "2021-05-20T12:50:12.097Z", "user": 1, "content_type": 8, "object_id": "1", "object_repr": "George Washington", "action_flag": 1, "change_message": "[{\"added\": {}}]"}}, {"model": "admin.logentry", "pk": 53, "fields": {"action_time": "2021-05-20T13:09:06.933Z", "user": 1, "content_type": 12, "object_id": "9", "object_repr": "LIFE", "action_flag": 1, "change_message": "[{\"added\": {}}]"}}, {"model": "admin.logentry", "pk": 54, "fields": {"action_time": "2021-05-20T13:09:20.790Z", "user": 1, "content_type": 12, "object_id": "10", "object_repr": "SPORT", "action_flag": 1, "change_message": "[{\"added\": {}}]"}}, {"model": "admin.logentry", "pk": 55, "fields": {"action_time": "2021-05-20T13:09:30.494Z", "user": 1, "content_type": 12, "object_id": "11", "object_repr": "TECH", "action_flag": 1, "change_message": "[{\"added\": {}}]"}}, {"model": "admin.logentry", "pk": 56, "fields": {"action_time": "2021-05-20T13:09:45.028Z", "user": 1, "content_type": 12, "object_id": "12", "object_repr": "TRAVEL", "action_flag": 1, "change_message": "[{\"added\": {}}]"}}, {"model": "admin.logentry", "pk": 57, "fields": {"action_time": "2021-05-20T13:18:01.122Z", "user": 1, "content_type": 11, "object_id": "1", "object_repr": "All you want to know about industrial laws", "action_flag": 1, "change_message": "[{\"added\": {}}]"}}, {"model": "admin.logentry", "pk": 58, "fields": {"action_time": "2021-05-20T13:20:44.281Z", "user": 1, "content_type": 11, "object_id": "2", "object_repr": "All you want to know about industrial laws", "action_flag": 1, "change_message": "[{\"added\": {}}]"}}, {"model": "admin.logentry", "pk": 59, "fields": {"action_time": "2021-05-20T13:22:37.305Z", "user": 1, "content_type": 11, "object_id": "3", "object_repr": "All you want to know about industrial laws", "action_flag": 1, "change_message": "[{\"added\": {}}]"}}, {"model": "admin.logentry", "pk": 60, "fields": {"action_time": "2021-05-20T13:24:12.771Z", "user": 1, "content_type": 11, "object_id": "4", "object_repr": "All you want to know about industrial laws", "action_flag": 1, "change_message": "[{\"added\": {}}]"}}, {"model": "admin.logentry", "pk": 61, "fields": {"action_time": "2021-05-20T13:25:29.554Z", "user": 1, "content_type": 11, "object_id": "5", "object_repr": "All you want to know about industrial laws", "action_flag": 1, "change_message": "[{\"added\": {}}]"}}, {"model": "admin.logentry", "pk": 62, "fields": {"action_time": "2021-05-20T13:26:04.463Z", "user": 1, "content_type": 11, "object_id": "6", "object_repr": "All you want to know about industrial laws", "action_flag": 1, "change_message": "[{\"added\": {}}]"}}, {"model": "admin.logentry", "pk": 63, "fields": {"action_time": "2021-05-20T13:37:47.501Z", "user": 1, "content_type": 11, "object_id": "6", "object_repr": "All you want to know about industrial laws 6", "action_flag": 2, "change_message": "[{\"changed\": {\"fields\": [\"Titre\"]}}]"}}, {"model": "admin.logentry", "pk": 64, "fields": {"action_time": "2021-05-20T13:37:59.715Z", "user": 1, "content_type": 11, "object_id": "5", "object_repr": "All you want to know about industrial laws 5", "action_flag": 2, "change_message": "[{\"changed\": {\"fields\": [\"Titre\"]}}]"}}, {"model": "admin.logentry", "pk": 65, "fields": {"action_time": "2021-05-20T13:38:12.386Z", "user": 1, "content_type": 11, "object_id": "4", "object_repr": "All you want to know about industrial laws 4", "action_flag": 2, "change_message": "[{\"changed\": {\"fields\": [\"Titre\"]}}]"}}, {"model": "admin.logentry", "pk": 66, "fields": {"action_time": "2021-05-20T13:38:25.620Z", "user": 1, "content_type": 11, "object_id": "3", "object_repr": "All you want to know about industrial laws 3", "action_flag": 2, "change_message": "[{\"changed\": {\"fields\": [\"Titre\"]}}]"}}, {"model": "admin.logentry", "pk": 67, "fields": {"action_time": "2021-05-20T13:38:42.127Z", "user": 1, "content_type": 11, "object_id": "2", "object_repr": "All you want to know about industrial laws 2", "action_flag": 2, "change_message": "[{\"changed\": {\"fields\": [\"Titre\"]}}]"}}, {"model": "admin.logentry", "pk": 68, "fields": {"action_time": "2021-05-20T13:38:55.780Z", "user": 1, "content_type": 11, "object_id": "1", "object_repr": "All you want to know about industrial laws 1", "action_flag": 2, "change_message": "[{\"changed\": {\"fields\": [\"Titre\"]}}]"}}, {"model": "admin.logentry", "pk": 69, "fields": {"action_time": "2021-05-20T14:55:24.738Z", "user": 1, "content_type": 17, "object_id": "1", "object_repr": "Welcome to Lawn Care", "action_flag": 1, "change_message": "[{\"added\": {}}]"}}, {"model": "admin.logentry", "pk": 70, "fields": {"action_time": "2021-05-20T15:00:20.809Z", "user": 1, "content_type": 20, "object_id": "1", "object_repr": "bannère des autres pages du site", "action_flag": 1, "change_message": "[{\"added\": {}}]"}}, {"model": "admin.logentry", "pk": 71, "fields": {"action_time": "2021-05-20T15:01:09.387Z", "user": 1, "content_type": 20, "object_id": "1", "object_repr": "bannère des autres pages du site", "action_flag": 2, "change_message": "[{\"changed\": {\"fields\": [\"Banni\\u00e8re des autres pages du site\"]}}]"}}, {"model": "admin.logentry", "pk": 72, "fields": {"action_time": "2021-05-20T15:03:56.206Z", "user": 1, "content_type": 18, "object_id": "1", "object_repr": "WELCOME TO LAWN CARE", "action_flag": 1, "change_message": "[{\"added\": {}}]"}}, {"model": "admin.logentry", "pk": 73, "fields": {"action_time": "2021-05-20T15:05:26.857Z", "user": 1, "content_type": 23, "object_id": "1", "object_repr": "+2 392 3929 210", "action_flag": 1, "change_message": "[{\"added\": {}}]"}}, {"model": "admin.logentry", "pk": 74, "fields": {"action_time": "2021-05-21T05:54:48.859Z", "user": 1, "content_type": 14, "object_id": "4", "object_repr": "Lawn care", "action_flag": 3, "change_message": ""}}, {"model": "admin.logentry", "pk": 75, "fields": {"action_time": "2021-05-22T19:32:20.018Z", "user": 1, "content_type": 13, "object_id": "2", "object_repr": "Nature", "action_flag": 2, "change_message": "[{\"changed\": {\"fields\": [\"Sous-titre\"]}}]"}}, {"model": "admin.logentry", "pk": 76, "fields": {"action_time": "2021-05-22T19:32:45.109Z", "user": 1, "content_type": 13, "object_id": "2", "object_repr": "Nature", "action_flag": 2, "change_message": "[{\"changed\": {\"fields\": [\"Sous-titre\"]}}]"}}, {"model": "admin.logentry", "pk": 77, "fields": {"action_time": "2021-05-23T13:33:27.299Z", "user": 1, "content_type": 23, "object_id": "1", "object_repr": "+2 392 3929 210", "action_flag": 2, "change_message": "[{\"changed\": {\"fields\": [\"Site web\"]}}]"}}, {"model": "admin.logentry", "pk": 78, "fields": {"action_time": "2021-05-23T13:34:01.868Z", "user": 1, "content_type": 23, "object_id": "1", "object_repr": "+2 392 3929 210", "action_flag": 2, "change_message": "[{\"changed\": {\"fields\": [\"Site web\"]}}]"}}, {"model": "auth.permission", "pk": 1, "fields": {"name": "Can add Theme", "content_type": 1, "codename": "add_theme"}}, {"model": "auth.permission", "pk": 2, "fields": {"name": "Can change Theme", "content_type": 1, "codename": "change_theme"}}, {"model": "auth.permission", "pk": 3, "fields": {"name": "Can delete Theme", "content_type": 1, "codename": "delete_theme"}}, {"model": "auth.permission", "pk": 4, "fields": {"name": "Can view Theme", "content_type": 1, "codename": "view_theme"}}, {"model": "auth.permission", "pk": 5, "fields": {"name": "Can add log entry", "content_type": 2, "codename": "add_logentry"}}, {"model": "auth.permission", "pk": 6, "fields": {"name": "Can change log entry", "content_type": 2, "codename": "change_logentry"}}, {"model": "auth.permission", "pk": 7, "fields": {"name": "Can delete log entry", "content_type": 2, "codename": "delete_logentry"}}, {"model": "auth.permission", "pk": 8, "fields": {"name": "Can view log entry", "content_type": 2, "codename": "view_logentry"}}, {"model": "auth.permission", "pk": 9, "fields": {"name": "Can add permission", "content_type": 3, "codename": "add_permission"}}, {"model": "auth.permission", "pk": 10, "fields": {"name": "Can change permission", "content_type": 3, "codename": "change_permission"}}, {"model": "auth.permission", "pk": 11, "fields": {"name": "Can delete permission", "content_type": 3, "codename": "delete_permission"}}, {"model": "auth.permission", "pk": 12, "fields": {"name": "Can view permission", "content_type": 3, "codename": "view_permission"}}, {"model": "auth.permission", "pk": 13, "fields": {"name": "Can add group", "content_type": 4, "codename": "add_group"}}, {"model": "auth.permission", "pk": 14, "fields": {"name": "Can change group", "content_type": 4, "codename": "change_group"}}, {"model": "auth.permission", "pk": 15, "fields": {"name": "Can delete group", "content_type": 4, "codename": "delete_group"}}, {"model": "auth.permission", "pk": 16, "fields": {"name": "Can view group", "content_type": 4, "codename": "view_group"}}, {"model": "auth.permission", "pk": 17, "fields": {"name": "Can add user", "content_type": 5, "codename": "add_user"}}, {"model": "auth.permission", "pk": 18, "fields": {"name": "Can change user", "content_type": 5, "codename": "change_user"}}, {"model": "auth.permission", "pk": 19, "fields": {"name": "Can delete user", "content_type": 5, "codename": "delete_user"}}, {"model": "auth.permission", "pk": 20, "fields": {"name": "Can view user", "content_type": 5, "codename": "view_user"}}, {"model": "auth.permission", "pk": 21, "fields": {"name": "Can add content type", "content_type": 6, "codename": "add_contenttype"}}, {"model": "auth.permission", "pk": 22, "fields": {"name": "Can change content type", "content_type": 6, "codename": "change_contenttype"}}, {"model": "auth.permission", "pk": 23, "fields": {"name": "Can delete content type", "content_type": 6, "codename": "delete_contenttype"}}, {"model": "auth.permission", "pk": 24, "fields": {"name": "Can view content type", "content_type": 6, "codename": "view_contenttype"}}, {"model": "auth.permission", "pk": 25, "fields": {"name": "Can add session", "content_type": 7, "codename": "add_session"}}, {"model": "auth.permission", "pk": 26, "fields": {"name": "Can change session", "content_type": 7, "codename": "change_session"}}, {"model": "auth.permission", "pk": 27, "fields": {"name": "Can delete session", "content_type": 7, "codename": "delete_session"}}, {"model": "auth.permission", "pk": 28, "fields": {"name": "Can view session", "content_type": 7, "codename": "view_session"}}, {"model": "auth.permission", "pk": 29, "fields": {"name": "Can add auteur", "content_type": 8, "codename": "add_author"}}, {"model": "auth.permission", "pk": 30, "fields": {"name": "Can change auteur", "content_type": 8, "codename": "change_author"}}, {"model": "auth.permission", "pk": 31, "fields": {"name": "Can delete auteur", "content_type": 8, "codename": "delete_author"}}, {"model": "auth.permission", "pk": 32, "fields": {"name": "Can view auteur", "content_type": 8, "codename": "view_author"}}, {"model": "auth.permission", "pk": 33, "fields": {"name": "Can add Article", "content_type": 9, "codename": "add_post"}}, {"model": "auth.permission", "pk": 34, "fields": {"name": "Can change Article", "content_type": 9, "codename": "change_post"}}, {"model": "auth.permission", "pk": 35, "fields": {"name": "Can delete Article", "content_type": 9, "codename": "delete_post"}}, {"model": "auth.permission", "pk": 36, "fields": {"name": "Can view Article", "content_type": 9, "codename": "view_post"}}, {"model": "auth.permission", "pk": 37, "fields": {"name": "Can add commentaire", "content_type": 10, "codename": "add_comment"}}, {"model": "auth.permission", "pk": 38, "fields": {"name": "Can change commentaire", "content_type": 10, "codename": "change_comment"}}, {"model": "auth.permission", "pk": 39, "fields": {"name": "Can delete commentaire", "content_type": 10, "codename": "delete_comment"}}, {"model": "auth.permission", "pk": 40, "fields": {"name": "Can view commentaire", "content_type": 10, "codename": "view_comment"}}, {"model": "auth.permission", "pk": 41, "fields": {"name": "Can add Blog", "content_type": 11, "codename": "add_blog"}}, {"model": "auth.permission", "pk": 42, "fields": {"name": "Can change Blog", "content_type": 11, "codename": "change_blog"}}, {"model": "auth.permission", "pk": 43, "fields": {"name": "Can delete Blog", "content_type": 11, "codename": "delete_blog"}}, {"model": "auth.permission", "pk": 44, "fields": {"name": "Can view Blog", "content_type": 11, "codename": "view_blog"}}, {"model": "auth.permission", "pk": 45, "fields": {"name": "Can add tag", "content_type": 12, "codename": "add_tag"}}, {"model": "auth.permission", "pk": 46, "fields": {"name": "Can change tag", "content_type": 12, "codename": "change_tag"}}, {"model": "auth.permission", "pk": 47, "fields": {"name": "Can delete tag", "content_type": 12, "codename": "delete_tag"}}, {"model": "auth.permission", "pk": 48, "fields": {"name": "Can view tag", "content_type": 12, "codename": "view_tag"}}, {"model": "auth.permission", "pk": 49, "fields": {"name": "Can add gallerie", "content_type": 13, "codename": "add_gallery"}}, {"model": "auth.permission", "pk": 50, "fields": {"name": "Can change gallerie", "content_type": 13, "codename": "change_gallery"}}, {"model": "auth.permission", "pk": 51, "fields": {"name": "Can delete gallerie", "content_type": 13, "codename": "delete_gallery"}}, {"model": "auth.permission", "pk": 52, "fields": {"name": "Can view gallerie", "content_type": 13, "codename": "view_gallery"}}, {"model": "auth.permission", "pk": 53, "fields": {"name": "Can add service", "content_type": 14, "codename": "add_service"}}, {"model": "auth.permission", "pk": 54, "fields": {"name": "Can change service", "content_type": 14, "codename": "change_service"}}, {"model": "auth.permission", "pk": 55, "fields": {"name": "Can delete service", "content_type": 14, "codename": "delete_service"}}, {"model": "auth.permission", "pk": 56, "fields": {"name": "Can view service", "content_type": 14, "codename": "view_service"}}, {"model": "auth.permission", "pk": 57, "fields": {"name": "Can add témoignage", "content_type": 15, "codename": "add_testimonial"}}, {"model": "auth.permission", "pk": 58, "fields": {"name": "Can change témoignage", "content_type": 15, "codename": "change_testimonial"}}, {"model": "auth.permission", "pk": 59, "fields": {"name": "Can delete témoignage", "content_type": 15, "codename": "delete_testimonial"}}, {"model": "auth.permission", "pk": 60, "fields": {"name": "Can view témoignage", "content_type": 15, "codename": "view_testimonial"}}, {"model": "auth.permission", "pk": 61, "fields": {"name": "Can add Conseil d'entretien saisonnier", "content_type": 16, "codename": "add_tips"}}, {"model": "auth.permission", "pk": 62, "fields": {"name": "Can change Conseil d'entretien saisonnier", "content_type": 16, "codename": "change_tips"}}, {"model": "auth.permission", "pk": 63, "fields": {"name": "Can delete Conseil d'entretien saisonnier", "content_type": 16, "codename": "delete_tips"}}, {"model": "auth.permission", "pk": 64, "fields": {"name": "Can view Conseil d'entretien saisonnier", "content_type": 16, "codename": "view_tips"}}, {"model": "auth.permission", "pk": 65, "fields": {"name": "Can add a propos", "content_type": 17, "codename": "add_about"}}, {"model": "auth.permission", "pk": 66, "fields": {"name": "Can change a propos", "content_type": 17, "codename": "change_about"}}, {"model": "auth.permission", "pk": 67, "fields": {"name": "Can delete a propos", "content_type": 17, "codename": "delete_about"}}, {"model": "auth.permission", "pk": 68, "fields": {"name": "Can view a propos", "content_type": 17, "codename": "view_about"}}, {"model": "auth.permission", "pk": 69, "fields": {"name": "Can add Bannière", "content_type": 18, "codename": "add_banner"}}, {"model": "auth.permission", "pk": 70, "fields": {"name": "Can change Bannière", "content_type": 18, "codename": "change_banner"}}, {"model": "auth.permission", "pk": 71, "fields": {"name": "Can delete Bannière", "content_type": 18, "codename": "delete_banner"}}, {"model": "auth.permission", "pk": 72, "fields": {"name": "Can view Bannière", "content_type": 18, "codename": "view_banner"}}, {"model": "auth.permission", "pk": 73, "fields": {"name": "Can add contact", "content_type": 19, "codename": "add_contact"}}, {"model": "auth.permission", "pk": 74, "fields": {"name": "Can change contact", "content_type": 19, "codename": "change_contact"}}, {"model": "auth.permission", "pk": 75, "fields": {"name": "Can delete contact", "content_type": 19, "codename": "delete_contact"}}, {"model": "auth.permission", "pk": 76, "fields": {"name": "Can view contact", "content_type": 19, "codename": "view_contact"}}, {"model": "auth.permission", "pk": 77, "fields": {"name": "Can add Bannière générale", "content_type": 20, "codename": "add_globalbanner"}}, {"model": "auth.permission", "pk": 78, "fields": {"name": "Can change Bannière générale", "content_type": 20, "codename": "change_globalbanner"}}, {"model": "auth.permission", "pk": 79, "fields": {"name": "Can delete Bannière générale", "content_type": 20, "codename": "delete_globalbanner"}}, {"model": "auth.permission", "pk": 80, "fields": {"name": "Can view Bannière générale", "content_type": 20, "codename": "view_globalbanner"}}, {"model": "auth.permission", "pk": 81, "fields": {"name": "Can add Newsletter", "content_type": 21, "codename": "add_newsletter"}}, {"model": "auth.permission", "pk": 82, "fields": {"name": "Can change Newsletter", "content_type": 21, "codename": "change_newsletter"}}, {"model": "auth.permission", "pk": 83, "fields": {"name": "Can delete Newsletter", "content_type": 21, "codename": "delete_newsletter"}}, {"model": "auth.permission", "pk": 84, "fields": {"name": "Can view Newsletter", "content_type": 21, "codename": "view_newsletter"}}, {"model": "auth.permission", "pk": 85, "fields": {"name": "Can add réseau social", "content_type": 22, "codename": "add_socialnetwork"}}, {"model": "auth.permission", "pk": 86, "fields": {"name": "Can change réseau social", "content_type": 22, "codename": "change_socialnetwork"}}, {"model": "auth.permission", "pk": 87, "fields": {"name": "Can delete réseau social", "content_type": 22, "codename": "delete_socialnetwork"}}, {"model": "auth.permission", "pk": 88, "fields": {"name": "Can view réseau social", "content_type": 22, "codename": "view_socialnetwork"}}, {"model": "auth.permission", "pk": 89, "fields": {"name": "Can add Information générale", "content_type": 23, "codename": "add_website"}}, {"model": "auth.permission", "pk": 90, "fields": {"name": "Can change Information générale", "content_type": 23, "codename": "change_website"}}, {"model": "auth.permission", "pk": 91, "fields": {"name": "Can delete Information générale", "content_type": 23, "codename": "delete_website"}}, {"model": "auth.permission", "pk": 92, "fields": {"name": "Can view Information générale", "content_type": 23, "codename": "view_website"}}, {"model": "auth.user", "pk": 1, "fields": {"password": "pbkdf2_sha256$260000$nRhAtdKD2hIiYIQc3ZSh1M$UJGwtHl02bxYX9Q5C9fjI11D18jnwOjhijF91n/mSsY=", "last_login": "2021-05-26T12:50:49.683Z", "is_superuser": true, "username": "admin", "first_name": "", "last_name": "", "email": "admin@gmail.com", "is_staff": true, "is_active": true, "date_joined": "2021-05-19T00:55:43.884Z", "groups": [], "user_permissions": []}}, {"model": "contenttypes.contenttype", "pk": 1, "fields": {"app_label": "admin_interface", "model": "theme"}}, {"model": "contenttypes.contenttype", "pk": 2, "fields": {"app_label": "admin", "model": "logentry"}}, {"model": "contenttypes.contenttype", "pk": 3, "fields": {"app_label": "auth", "model": "permission"}}, {"model": "contenttypes.contenttype", "pk": 4, "fields": {"app_label": "auth", "model": "group"}}, {"model": "contenttypes.contenttype", "pk": 5, "fields": {"app_label": "auth", "model": "user"}}, {"model": "contenttypes.contenttype", "pk": 6, "fields": {"app_label": "contenttypes", "model": "contenttype"}}, {"model": "contenttypes.contenttype", "pk": 7, "fields": {"app_label": "sessions", "model": "session"}}, {"model": "contenttypes.contenttype", "pk": 8, "fields": {"app_label": "blog", "model": "author"}}, {"model": "contenttypes.contenttype", "pk": 9, "fields": {"app_label": "blog", "model": "post"}}, {"model": "contenttypes.contenttype", "pk": 10, "fields": {"app_label": "blog", "model": "comment"}}, {"model": "contenttypes.contenttype", "pk": 11, "fields": {"app_label": "blog", "model": "blog"}}, {"model": "contenttypes.contenttype", "pk": 12, "fields": {"app_label": "blog", "model": "tag"}}, {"model": "contenttypes.contenttype", "pk": 13, "fields": {"app_label": "service", "model": "gallery"}}, {"model": "contenttypes.contenttype", "pk": 14, "fields": {"app_label": "service", "model": "service"}}, {"model": "contenttypes.contenttype", "pk": 15, "fields": {"app_label": "service", "model": "testimonial"}}, {"model": "contenttypes.contenttype", "pk": 16, "fields": {"app_label": "service", "model": "tips"}}, {"model": "contenttypes.contenttype", "pk": 17, "fields": {"app_label": "website", "model": "about"}}, {"model": "contenttypes.contenttype", "pk": 18, "fields": {"app_label": "website", "model": "banner"}}, {"model": "contenttypes.contenttype", "pk": 19, "fields": {"app_label": "website", "model": "contact"}}, {"model": "contenttypes.contenttype", "pk": 20, "fields": {"app_label": "website", "model": "globalbanner"}}, {"model": "contenttypes.contenttype", "pk": 21, "fields": {"app_label": "website", "model": "newsletter"}}, {"model": "contenttypes.contenttype", "pk": 22, "fields": {"app_label": "website", "model": "socialnetwork"}}, {"model": "contenttypes.contenttype", "pk": 23, "fields": {"app_label": "website", "model": "website"}}, {"model": "sessions.session", "pk": "54lq6d3xirvoh1kcyt0983ikjyjqdlkb", "fields": {"session_data": ".eJxVjMsOwiAQRf-FtSFAp2XGpft-AxlglKqBpI-V8d-1SRe6veec-1KBt7WEbZE5TFmdlVWn3y1yekjdQb5zvTWdWl3nKepd0Qdd9NiyPC-H-3dQeCnfuhNBMBm867wHjMxkkYwjO0QGoquDHshT7BM5GATRZUSTOUmPxoJ6fwC2LTal:1ljO50:gaSsWpqHAith1lob6dN1DPl_61YvqtAFgfu8o2Apnn4", "expire_date": "2021-06-02T15:25:50.344Z"}}, {"model": "sessions.session", "pk": "6i5km1h2y85rg06bxj4gzyshdp8zjbx0", "fields": {"session_data": ".eJxVjMsOwiAQRf-FtSFAp2XGpft-AxlglKqBpI-V8d-1SRe6veec-1KBt7WEbZE5TFmdlVWn3y1yekjdQb5zvTWdWl3nKepd0Qdd9NiyPC-H-3dQeCnfuhNBMBm867wHjMxkkYwjO0QGoquDHshT7BM5GATRZUSTOUmPxoJ6fwC2LTal:1ljNVb:y-gaU6QyIf-qZdXXLaeQ8Sc6CFAe1BUdyRaMy70OUUE", "expire_date": "2021-06-02T14:49:15.513Z"}}, {"model": "sessions.session", "pk": "hcvmxczrwihsuztxlwx6vk63olmlzmpy", "fields": {"session_data": ".eJxVjEEOwiAQRe_C2hCYUgou3XsGMjBTqRpISrsy3l1JutDte-__lwi4bznsjdewkDgLLU6_LGJ6cOmC7lhuVaZatnWJsifysE1eK_HzcrR_Bxlb7mtIGpIBA84qy9FHmtWgPUxfgpoHGok9RTeTYVDJTaN2AxGjt4RGi_cH2rE3_g:1ljxpK:ya1KVnVfgA26rd-dB7Au1fc4NK1dVcBw_agficDSIGI", "expire_date": "2021-06-04T05:36:02.618Z"}}, {"model": "sessions.session", "pk": "q11vvgy29nodumeveimclixhzk0wkrs2", "fields": {"session_data": ".eJxVjEEOwiAQRe_C2hCYUgou3XsGMjBTqRpISrsy3l1JutDte-__lwi4bznsjdewkDgLLU6_LGJ6cOmC7lhuVaZatnWJsifysE1eK_HzcrR_Bxlb7mtIGpIBA84qy9FHmtWgPUxfgpoHGok9RTeTYVDJTaN2AxGjt4RGi_cH2rE3_g:1ljOSY:8eUPEzbidzNF0xcuvnl7fdRaha6dOaylJqJ4sFWd9Ko", "expire_date": "2021-06-02T15:50:10.447Z"}}, {"model": "sessions.session", "pk": "qtpxbx9cisosm3rcc1pwut4kn90h3s2i", "fields": {"session_data": ".eJxVjEEOwiAQRe_C2hCYUgou3XsGMjBTqRpISrsy3l1JutDte-__lwi4bznsjdewkDgLLU6_LGJ6cOmC7lhuVaZatnWJsifysE1eK_HzcrR_Bxlb7mtIGpIBA84qy9FHmtWgPUxfgpoHGok9RTeTYVDJTaN2AxGjt4RGi_cH2rE3_g:1ljOmn:1CVks4G9XAXorO1cXv1NPn29628LqANbIyDvBaPf8tI", "expire_date": "2021-06-02T16:11:05.051Z"}}, {"model": "blog.blog", "pk": 1, "fields": {"image": "img/image_1.jpg", "title": "All you want to know about industrial laws 1", "description": "A small river named Duden flows by their place and supplies it with the necessary regelialia.", "author": 1, "paragraph": "Lorem ipsum dolor sit amet, consectetur adipisicing elit. Ducimus itaque, autem necessitatibus voluptate quod mollitia delectus aut, sunt placeat nam vero culpa sapiente consectetur similique, inventore eos fugit cupiditate numquam!", "date_add": "2021-05-20T13:18:01.106Z", "date_update": "2021-05-20T13:38:55.767Z", "status": true, "tags": [9, 10, 11, 12]}}, {"model": "blog.blog", "pk": 2, "fields": {"image": "img/image_2.jpg", "title": "All you want to know about industrial laws 2", "description": "A small river named Duden flows by their place and supplies it with the necessary regelialia.", "author": 1, "paragraph": "Lorem ipsum dolor sit amet, consectetur adipisicing elit. Ducimus itaque, autem necessitatibus voluptate quod mollitia delectus aut, sunt placeat nam vero culpa sapiente consectetur similique, inventore eos fugit cupiditate numquam!", "date_add": "2021-05-20T13:20:44.258Z", "date_update": "2021-05-20T13:38:42.113Z", "status": true, "tags": [9, 10, 11, 12]}}, {"model": "blog.blog", "pk": 3, "fields": {"image": "img/image_3.jpg", "title": "All you want to know about industrial laws 3", "description": "Lorem ipsum dolor sit amet consectetur adipisicing elit. Cum doloremque velit iste, maiores accusantium, neque et hic culpa repellendus voluptatibus sed odio deserunt laborum reiciendis qui unde expedita fugit mollitia?", "author": 1, "paragraph": "Lorem ipsum dolor sit amet consectetur adipisicing elit. Cum doloremque velit iste, maiores accusantium, neque et hic culpa repellendus voluptatibus sed odio deserunt laborum reiciendis qui unde expedita fugit mollitia?", "date_add": "2021-05-20T13:22:37.292Z", "date_update": "2021-05-20T13:38:25.600Z", "status": true, "tags": [9, 10, 11, 12]}}, {"model": "blog.blog", "pk": 4, "fields": {"image": "img/image_4_V15Rrfi.jpg", "title": "All you want to know about industrial laws 4", "description": "Lorem ipsum dolor sit amet consectetur adipisicing elit. Cum doloremque velit iste, maiores accusantium, neque et hic culpa repellendus voluptatibus sed odio deserunt laborum reiciendis qui unde expedita fugit mollitia?", "author": 1, "paragraph": "Lorem ipsum dolor sit amet consectetur adipisicing elit. Cum doloremque velit iste, maiores accusantium, neque et hic culpa repellendus voluptatibus sed odio deserunt laborum reiciendis qui unde expedita fugit mollitia?", "date_add": "2021-05-20T13:24:12.749Z", "date_update": "2021-05-20T13:38:12.363Z", "status": true, "tags": [9, 10, 11, 12]}}, {"model": "blog.blog", "pk": 5, "fields": {"image": "img/image_5.jpg", "title": "All you want to know about industrial laws 5", "description": "Lorem ipsum dolor sit amet consectetur adipisicing elit. Cum doloremque velit iste, maiores accusantium, neque et hic culpa repellendus voluptatibus sed odio deserunt laborum reiciendis qui unde expedita fugit mollitia?", "author": 1, "paragraph": "Lorem ipsum dolor sit amet consectetur adipisicing elit. Cum doloremque velit iste, maiores accusantium, neque et hic culpa repellendus voluptatibus sed odio deserunt laborum reiciendis qui unde expedita fugit mollitia?", "date_add": "2021-05-20T13:25:29.543Z", "date_update": "2021-05-20T13:37:59.702Z", "status": true, "tags": [9, 10, 11, 12]}}, {"model": "blog.blog", "pk": 6, "fields": {"image": "img/image_6.jpg", "title": "All you want to know about industrial laws 6", "description": "Lorem ipsum dolor sit amet consectetur adipisicing elit. Cum doloremque velit iste, maiores accusantium, neque et hic culpa repellendus voluptatibus sed odio deserunt laborum reiciendis qui unde expedita fugit mollitia?", "author": 1, "paragraph": "Lorem ipsum dolor sit amet consectetur adipisicing elit. Cum doloremque velit iste, maiores accusantium, neque et hic culpa repellendus voluptatibus sed odio deserunt laborum reiciendis qui unde expedita fugit mollitia?", "date_add": "2021-05-20T13:26:04.449Z", "date_update": "2021-05-20T13:37:47.485Z", "status": true, "tags": [9, 10, 11, 12]}}, {"model": "blog.tag", "pk": 1, "fields": {"name": "DISH", "date_add": "2021-05-20T12:08:25.638Z", "date_update": "2021-05-20T12:08:25.638Z", "status": true}}, {"model": "blog.tag", "pk": 2, "fields": {"name": "MENU", "date_add": "2021-05-20T12:08:41.915Z", "date_update": "2021-05-20T12:08:41.915Z", "status": true}}, {"model": "blog.tag", "pk": 3, "fields": {"name": "FOOD", "date_add": "2021-05-20T12:08:50.541Z", "date_update": "2021-05-20T12:08:50.541Z", "status": true}}, {"model": "blog.tag", "pk": 4, "fields": {"name": "SWEET", "date_add": "2021-05-20T12:08:59.935Z", "date_update": "2021-05-20T12:08:59.936Z", "status": true}}, {"model": "blog.tag", "pk": 5, "fields": {"name": "TASTY", "date_add": "2021-05-20T12:09:10.285Z", "date_update": "2021-05-20T12:09:10.285Z", "status": true}}, {"model": "blog.tag", "pk": 6, "fields": {"name": "DELICIOUS", "date_add": "2021-05-20T12:09:21.739Z", "date_update": "2021-05-20T12:09:21.739Z", "status": true}}, {"model": "blog.tag", "pk": 7, "fields": {"name": "DESSERTS", "date_add": "2021-05-20T12:09:37.257Z", "date_update": "2021-05-20T12:09:37.257Z", "status": true}}, {"model": "blog.tag", "pk": 8, "fields": {"name": "DRINKS", "date_add": "2021-05-20T12:09:47.235Z", "date_update": "2021-05-20T12:09:47.235Z", "status": true}}, {"model": "blog.tag", "pk": 9, "fields": {"name": "LIFE", "date_add": "2021-05-20T13:09:06.922Z", "date_update": "2021-05-20T13:09:06.922Z", "status": true}}, {"model": "blog.tag", "pk": 10, "fields": {"name": "SPORT", "date_add": "2021-05-20T13:09:20.786Z", "date_update": "2021-05-20T13:09:20.786Z", "status": true}}, {"model": "blog.tag", "pk": 11, "fields": {"name": "TECH", "date_add": "2021-05-20T13:09:30.481Z", "date_update": "2021-05-20T13:09:30.482Z", "status": true}}, {"model": "blog.tag", "pk": 12, "fields": {"name": "TRAVEL", "date_add": "2021-05-20T13:09:45.025Z", "date_update": "2021-05-20T13:09:45.026Z", "status": true}}, {"model": "blog.author", "pk": 1, "fields": {"image": "img/person_1_2iGxiy7.jpg", "name": "George Washington", "description": "Lorem ipsum dolor sit amet, consectetur adipisicing elit. Ducimus itaque, autem necessitatibus voluptate quod mollitia delectus aut, sunt placeat nam vero culpa sapiente consectetur similique, inventore eos fugit cupiditate numquam!", "date_add": "2021-05-20T12:50:12.088Z", "date_update": "2021-05-20T12:50:12.088Z", "status": true}}, {"model": "service.service", "pk": 1, "fields": {"icon": "flaticon-fence", "title": "Garden Care", "description": "Seeking justice in the world is a sed significant emotional and investment when we follow this call.", "date_add": "2021-05-19T15:08:36.684Z", "date_update": "2021-05-19T15:08:36.684Z", "status": true}}, {"model": "service.service", "pk": 2, "fields": {"icon": "flaticon-lawn-mower", "title": "Lawn mowing", "description": "Seeking justice in the world is a sed significant emotional and investment when we follow this call.", "date_add": "2021-05-19T15:09:07.812Z", "date_update": "2021-05-19T15:09:07.812Z", "status": true}}, {"model": "service.service", "pk": 3, "fields": {"icon": "flaticon-natural-resources", "title": "Lawn care", "description": "Seeking justice in the world is a sed significant emotional and investment when we follow this call.", "date_add": "2021-05-19T15:09:46.111Z", "date_update": "2021-05-19T15:09:46.111Z", "status": true}}, {"model": "service.service", "pk": 5, "fields": {"icon": null, "title": "Gutter cleaning", "description": "", "date_add": "2021-05-19T15:16:35.068Z", "date_update": "2021-05-19T15:16:35.068Z", "status": true}}, {"model": "service.service", "pk": 6, "fields": {"icon": null, "title": "Organinc fertilization and weed control", "description": "", "date_add": "2021-05-19T15:16:43.075Z", "date_update": "2021-05-19T15:16:43.075Z", "status": true}}, {"model": "service.service", "pk": 7, "fields": {"icon": null, "title": "Compost top dressing & compost tea application", "description": "", "date_add": "2021-05-19T15:17:34.276Z", "date_update": "2021-05-19T15:17:34.276Z", "status": true}}, {"model": "service.service", "pk": 8, "fields": {"icon": null, "title": "New lawn installation", "description": "", "date_add": "2021-05-19T15:17:57.608Z", "date_update": "2021-05-19T15:17:57.608Z", "status": true}}, {"model": "service.service", "pk": 9, "fields": {"icon": null, "title": "Mulch and other services available", "description": "", "date_add": "2021-05-19T15:18:23.450Z", "date_update": "2021-05-19T15:18:23.450Z", "status": true}}, {"model": "service.tips", "pk": 2, "fields": {"image": "img/seasonal-4.jpg", "season": "Fall", "description": "Lorem ipsum dolor sit amet consectetur, adipisicing elit. Sequi, incidunt? Ea eveniet itaque quis tempore iure ullam blanditiis culpa ipsam repellendus explicabo quia, consectetur dolor sequi natus pariatur quaerat reiciendis.", "date_add": "2021-05-19T16:39:26.196Z", "date_update": "2021-05-19T16:39:26.196Z", "status": true}}, {"model": "service.tips", "pk": 3, "fields": {"image": "img/seasonal-1.jpg", "season": "Spring", "description": "Lorem ipsum dolor sit amet consectetur, adipisicing elit. Sequi, incidunt? Ea eveniet itaque quis tempore iure ullam blanditiis culpa ipsam repellendus explicabo quia, consectetur dolor sequi natus pariatur quaerat reiciendis.", "date_add": "2021-05-19T16:50:57.822Z", "date_update": "2021-05-19T16:50:57.823Z", "status": true}}, {"model": "service.tips", "pk": 4, "fields": {"image": "img/seasonal-2_jMU4XLE.jpg", "season": "Summer", "description": "Lorem ipsum dolor sit amet consectetur, adipisicing elit. Sequi, incidunt? Ea eveniet itaque quis tempore iure ullam blanditiis culpa ipsam repellendus explicabo quia, consectetur dolor sequi natus pariatur quaerat reiciendis.", "date_add": "2021-05-19T16:51:37.479Z", "date_update": "2021-05-19T17:03:25.571Z", "status": true}}, {"model": "service.tips", "pk": 5, "fields": {"image": "img/seasonal-3.jpg", "season": "Winter", "description": "Lorem ipsum dolor sit amet consectetur, adipisicing elit. Sequi, incidunt? Ea eveniet itaque quis tempore iure ullam blanditiis culpa ipsam repellendus explicabo quia, consectetur dolor sequi natus pariatur quaerat reiciendis.", "date_add": "2021-05-19T16:52:18.573Z", "date_update": "2021-05-19T16:52:18.573Z", "status": true}}, {"model": "service.testimonial", "pk": 1, "fields": {"image": "img/person_2.jpg", "name": "Roger Scott", "job": "Marketing Manager", "date_add": "2021-05-19T17:01:13.782Z", "date_update": "2021-05-20T11:08:18.544Z", "status": true}}, {"model": "service.testimonial", "pk": 2, "fields": {"image": "img/person_1.jpg", "name": "Roger Scott", "job": "Marketing Manager", "date_add": "2021-05-20T11:08:48.262Z", "date_update": "2021-05-20T11:08:48.262Z", "status": true}}, {"model": "service.testimonial", "pk": 3, "fields": {"image": "img/person_3.jpg", "name": "Roger Scott", "job": "Marketing Manager", "date_add": "2021-05-20T11:09:34.309Z", "date_update": "2021-05-20T11:09:34.309Z", "status": true}}, {"model": "service.gallery", "pk": 1, "fields": {"image": "img/gallery-1_ZnZD9X6.jpg", "title": "Nature", "subtitle": "Beautiful work", "date_add": "2021-05-20T11:17:39.383Z", "date_update": "2021-05-20T11:17:39.383Z", "status": true}}, {"model": "service.gallery", "pk": 2, "fields": {"image": "img/gallery-2.jpg", "title": "Nature", "subtitle": "Beautiful work", "date_add": "2021-05-20T11:18:12.516Z", "date_update": "2021-05-22T19:32:45.099Z", "status": true}}, {"model": "service.gallery", "pk": 3, "fields": {"image": "img/gallery-3.jpg", "title": "Nature", "subtitle": "Beautiful work", "date_add": "2021-05-20T11:18:33.673Z", "date_update": "2021-05-20T11:18:33.676Z", "status": true}}, {"model": "service.gallery", "pk": 4, "fields": {"image": "img/gallery-4.jpg", "title": "Nature", "subtitle": "Beautiful work", "date_add": "2021-05-20T11:18:52.168Z", "date_update": "2021-05-20T11:18:52.168Z", "status": true}}, {"model": "service.gallery", "pk": 5, "fields": {"image": "img/gallery-5.jpg", "title": "Nature", "subtitle": "Beautiful work", "date_add": "2021-05-20T11:19:13.110Z", "date_update": "2021-05-20T11:19:13.110Z", "status": true}}, {"model": "service.gallery", "pk": 6, "fields": {"image": "img/gallery-6.jpg", "title": "Nature", "subtitle": "Beautiful work", "date_add": "2021-05-20T11:20:10.504Z", "date_update": "2021-05-20T11:20:10.505Z", "status": true}}, {"model": "service.gallery", "pk": 7, "fields": {"image": "img/gallery-7.jpg", "title": "Nature", "subtitle": "Beautiful work", "date_add": "2021-05-20T11:20:28.251Z", "date_update": "2021-05-20T11:20:28.251Z", "status": true}}, {"model": "service.gallery", "pk": 8, "fields": {"image": "img/gallery-8.jpg", "title": "Nature", "subtitle": "Beautiful work", "date_add": "2021-05-20T11:20:43.415Z", "date_update": "2021-05-20T11:20:43.420Z", "status": true}}, {"model": "service.gallery", "pk": 9, "fields": {"image": "img/gallery-9.jpg", "title": "Nature", "subtitle": "Beautiful work", "date_add": "2021-05-20T11:21:01.194Z", "date_update": "2021-05-20T11:21:01.194Z", "status": true}}, {"model": "website.about", "pk": 1, "fields": {"image": "img/about.jpg", "title": "Welcome to Lawn Care", "subtitle": "Welcome to Lawn Care Company", "description": "Far far away, behind the word mountains, far from the countries Vokalia and Consonantia", "date_add": "2021-05-20T14:55:24.733Z", "date_update": "2021-05-20T14:55:24.735Z", "status": true}}, {"model": "website.banner", "pk": 1, "fields": {"image": "img/bg_1_tLuUGO0.jpg", "title": "WELCOME TO LAWN CARE", "subtitle": "Lawn care for everyone", "description": "Let us work on your yard", "date_add": "2021-05-20T15:03:56.204Z", "date_update": "2021-05-20T15:03:56.204Z", "status": true}}, {"model": "website.contact", "pk": 1, "fields": {"name": "Doe John", "email": "doe@gmail.com", "subject": "hello world", "message": "I send this message to check if everything work well.", "date_add": "2021-05-26T12:52:09.864Z", "date_update": "2021-05-26T12:52:09.864Z", "status": true}}, {"model": "website.contact", "pk": 2, "fields": {"name": "Carl Ford", "email": "ford@gmail.ci", "subject": "Hello world", "message": "Try to make form dynamic", "date_add": "2021-05-26T12:59:27.706Z", "date_update": "2021-05-26T12:59:27.706Z", "status": true}}, {"model": "website.website", "pk": 1, "fields": {"address": "203 Fake St. Mountain View, San Francisco, California, USA", "phone": "+2 392 3929 210", "email": "info@yourdomain.com", "website": "http://docs.djangoprojects.com", "copyrights": "Copyright ©2021 All rights reserved", "date_add": "2021-05-20T15:05:26.849Z", "date_update": "2021-05-23T13:34:01.858Z", "status": true}}, {"model": "website.globalbanner", "pk": 1, "fields": {"image": "img/bg_2.jpg", "date_add": "2021-05-20T15:00:20.793Z", "date_update": "2021-05-20T15:01:09.382Z", "status": true}}]